<?xml version="1.0" encoding="UTF-8"?>
<metadata xml:lang="en"><Esri><CreaDate>20250928</CreaDate><CreaTime>16170500</CreaTime><ArcGISFormat>1.0</ArcGISFormat><SyncOnce>FALSE</SyncOnce><DataProperties><lineage><Process ToolSource="c:\program files (x86)\arcgis\desktop10.8\ArcToolbox\Toolboxes\Data Management Tools.tbx\CalculateField" Date="20250801" Time="134451">CalculateField Nusa_c1_undisturbedDrylandForest kelas 1 VB #</Process><Process ToolSource="c:\program files (x86)\arcgis\desktop10.8\ArcToolbox\Toolboxes\Data Management Tools.tbx\Merge" Date="20250801" Time="134846">Merge Nusa_c1_undisturbedDrylandForest;Nusa_c11_otherMonoculture;Nusa_c12_grassAndSavanna;Nusa_c13_shrub;Nusa_c14_cropland;Nusa_c15_settlement;Nusa_c16_clearedLand;Nusa_c17_waterbody;Nusa_c2_loggedOverDrylandForest;Nusa_c3_undisturbedMangroveForest;Nusa_c4_loggedOverMangroveForest;Nusa_c6_loggedOverSwampForest;Nusa_c7_agroforestry;Nusa_c8_plantationForest;Nusa_c9_rubberMonoculture C:\Users\hassidiq\Documents\ArcGIS\Default.gdb\Nusa_c1_undisturbedDrylandFo "class_bina "class_bina" true true false 1 Text 0 0 ,First,#,Nusa_c1_undisturbedDrylandForest,class_bina,-1,-1,Nusa_c11_otherMonoculture,class_bina,-1,-1,Nusa_c12_grassAndSavanna,class_bina,-1,-1,Nusa_c13_shrub,class_bina,-1,-1,Nusa_c14_cropland,class_bina,-1,-1,Nusa_c15_settlement,class_bina,-1,-1,Nusa_c16_clearedLand,class_bina,-1,-1,Nusa_c17_waterbody,class_bina,-1,-1,Nusa_c2_loggedOverDrylandForest,class_bina,-1,-1,Nusa_c3_undisturbedMangroveForest,class_bina,-1,-1,Nusa_c4_loggedOverMangroveForest,class_bina,-1,-1,Nusa_c6_loggedOverSwampForest,class_bina,-1,-1,Nusa_c7_agroforestry,class_bina,-1,-1,Nusa_c8_plantationForest,class_bina,-1,-1,Nusa_c9_rubberMonoculture,class_bina,-1,-1;kelas "kelas" true true false 5 Long 0 5 ,First,#,Nusa_c1_undisturbedDrylandForest,kelas,-1,-1,Nusa_c11_otherMonoculture,kelas,-1,-1,Nusa_c12_grassAndSavanna,kelas,-1,-1,Nusa_c13_shrub,kelas,-1,-1,Nusa_c14_cropland,kelas,-1,-1,Nusa_c15_settlement,kelas,-1,-1,Nusa_c16_clearedLand,kelas,-1,-1,Nusa_c17_waterbody,kelas,-1,-1,Nusa_c2_loggedOverDrylandForest,kelas,-1,-1,Nusa_c3_undisturbedMangroveForest,kelas,-1,-1,Nusa_c4_loggedOverMangroveForest,kelas,-1,-1,Nusa_c6_loggedOverSwampForest,kelas,-1,-1,Nusa_c7_agroforestry,kelas,-1,-1,Nusa_c8_plantationForest,kelas,-1,-1,Nusa_c9_rubberMonoculture,kelas,-1,-1"</Process><Process Name="Merge" ToolSource="c:\program files (x86)\arcgis\desktop10.8\ArcToolbox\Toolboxes\Data Management Tools.tbx\Merge" Date="20250801" Time="142656">Merge Nusa_Restore+;Kalimantan_Restore+;Sulawesi_Restore+;JawaBali_Restore+;Maluku_Restore+;Papua_Restore+;Sumatera_Restore+ C:\Users\hassidiq\Documents\Epsitem\Sumsel_Restore\Indonesia_Sample\Indonesia_Sample.shp "kelas "kelas" true true false 10 Long 0 10 ,First,#,Nusa_Restore+,kelas,-1,-1,Kalimantan_Restore+,kelas,-1,-1,Sulawesi_Restore+,kelas,-1,-1,JawaBali_Restore+,kelas,-1,-1,Maluku_Restore+,kelas,-1,-1,Papua_Restore+,kelas,-1,-1,Sumatera_Restore+,kelas,-1,-1"</Process><Process ToolSource="c:\program files (x86)\arcgis\desktop10.8\ArcToolbox\Toolboxes\Analysis Tools.tbx\Clip" Date="20250928" Time="161638">Clip Indonesia_Sample Bts_Pedamaran C:\Users\hassidiq\Documents\ArcGIS\Default.gdb\Indonesia_Sample_Clip #</Process><Process ToolSource="c:\program files (x86)\arcgis\desktop10.8\ArcToolbox\Toolboxes\Data Management Tools.tbx\CalculateField" Date="20251006" Time="105853">CalculateField Pedamaran_sample LULC_Type "rubberMonoculture" VB #</Process><Process ToolSource="c:\program files (x86)\arcgis\desktop10.8\ArcToolbox\Toolboxes\Data Management Tools.tbx\CalculateField" Date="20251006" Time="105929">CalculateField Pedamaran_sample LULC_Type "oilPalmMonoculture" VB #</Process><Process ToolSource="c:\program files (x86)\arcgis\desktop10.8\ArcToolbox\Toolboxes\Data Management Tools.tbx\CalculateField" Date="20251006" Time="105959">CalculateField Pedamaran_sample LULC_Type "grassAndSavanna" VB #</Process><Process ToolSource="c:\program files (x86)\arcgis\desktop10.8\ArcToolbox\Toolboxes\Data Management Tools.tbx\CalculateField" Date="20251006" Time="110117">CalculateField Pedamaran_sample LULC_Type "shrub" VB #</Process><Process ToolSource="c:\program files (x86)\arcgis\desktop10.8\ArcToolbox\Toolboxes\Data Management Tools.tbx\CalculateField" Date="20251006" Time="110149">CalculateField Pedamaran_sample LULC_Type "settlement" VB #</Process><Process ToolSource="c:\program files (x86)\arcgis\desktop10.8\ArcToolbox\Toolboxes\Data Management Tools.tbx\CalculateField" Date="20251006" Time="110209">CalculateField Pedamaran_sample LULC_Type "waterbody" VB #</Process></lineage><itemProps><itemName Sync="TRUE">Indonesia_Sample_Clip</itemName><imsContentType Sync="TRUE">002</imsContentType><itemLocation><linkage Sync="TRUE">file://\\CIBGR-61D224A\C$\Users\hassidiq\Documents\ArcGIS\Default.gdb</linkage><protocol Sync="TRUE">Local Area Network</protocol></itemLocation><itemSize Sync="TRUE">0.000</itemSize></itemProps><coordRef><type Sync="TRUE">Geographic</type><geogcsn Sync="TRUE">GCS_WGS_1984</geogcsn><csUnits Sync="TRUE">Angular Unit: Degree (0.017453)</csUnits><peXml Sync="TRUE">&lt;GeographicCoordinateSystem xsi:type='typens:GeographicCoordinateSystem' xmlns:xsi='http://www.w3.org/2001/XMLSchema-instance' xmlns:xs='http://www.w3.org/2001/XMLSchema' xmlns:typens='http://www.esri.com/schemas/ArcGIS/10.7'&gt;&lt;WKT&gt;GEOGCS[&amp;quot;GCS_WGS_1984&amp;quot;,DATUM[&amp;quot;D_WGS_1984&amp;quot;,SPHEROID[&amp;quot;WGS_1984&amp;quot;,6378137.0,298.257223563]],PRIMEM[&amp;quot;Greenwich&amp;quot;,0.0],UNIT[&amp;quot;Degree&amp;quot;,0.0174532925199433],AUTHORITY[&amp;quot;EPSG&amp;quot;,4326]]&lt;/WKT&gt;&lt;XOrigin&gt;-400&lt;/XOrigin&gt;&lt;YOrigin&gt;-400&lt;/YOrigin&gt;&lt;XYScale&gt;1111948722.2222221&lt;/XYScale&gt;&lt;ZOrigin&gt;-100000&lt;/ZOrigin&gt;&lt;ZScale&gt;10000&lt;/ZScale&gt;&lt;MOrigin&gt;-100000&lt;/MOrigin&gt;&lt;MScale&gt;10000&lt;/MScale&gt;&lt;XYTolerance&gt;8.983152841195215e-09&lt;/XYTolerance&gt;&lt;ZTolerance&gt;0.001&lt;/ZTolerance&gt;&lt;MTolerance&gt;0.001&lt;/MTolerance&gt;&lt;HighPrecision&gt;true&lt;/HighPrecision&gt;&lt;LeftLongitude&gt;-180&lt;/LeftLongitude&gt;&lt;WKID&gt;4326&lt;/WKID&gt;&lt;LatestWKID&gt;4326&lt;/LatestWKID&gt;&lt;/GeographicCoordinateSystem&gt;</peXml></coordRef></DataProperties><SyncDate>20250928</SyncDate><SyncTime>16163600</SyncTime><ModDate>20250928</ModDate><ModTime>16163600</ModTime></Esri><dataIdInfo><envirDesc Sync="TRUE"> Version 6.2 (Build 9200) ; Esri ArcGIS 10.8.0.12790</envirDesc><dataLang><languageCode value="eng" Sync="TRUE"></languageCode><countryCode value="USA" Sync="TRUE"></countryCode></dataLang><idCitation><resTitle Sync="TRUE">Indonesia_Sample_Clip</resTitle><presForm><PresFormCd value="005" Sync="TRUE"></PresFormCd></presForm></idCitation><spatRpType><SpatRepTypCd value="001" Sync="TRUE"></SpatRepTypCd></spatRpType></dataIdInfo><mdLang><languageCode value="eng" Sync="TRUE"></languageCode><countryCode value="USA" Sync="TRUE"></countryCode></mdLang><distInfo><distFormat><formatName Sync="TRUE">File Geodatabase Feature Class</formatName></distFormat><distTranOps><transSize Sync="TRUE">0.000</transSize></distTranOps></distInfo><mdHrLv><ScopeCd value="005" Sync="TRUE"></ScopeCd></mdHrLv><mdHrLvName Sync="TRUE">dataset</mdHrLvName><refSysInfo><RefSystem><refSysID><identCode code="4326" Sync="TRUE"></identCode><idCodeSpace Sync="TRUE">EPSG</idCodeSpace><idVersion Sync="TRUE">6.14(3.0.1)</idVersion></refSysID></RefSystem></refSysInfo><spatRepInfo><VectSpatRep><geometObjs Name="Indonesia_Sample_Clip"><geoObjTyp><GeoObjTypCd value="004" Sync="TRUE"></GeoObjTypCd></geoObjTyp><geoObjCnt Sync="TRUE">0</geoObjCnt></geometObjs><topLvl><TopoLevCd value="001" Sync="TRUE"></TopoLevCd></topLvl></VectSpatRep></spatRepInfo><spdoinfo><ptvctinf><esriterm Name="Indonesia_Sample_Clip"><efeatyp Sync="TRUE">Simple</efeatyp><efeageom code="1" Sync="TRUE"></efeageom><esritopo Sync="TRUE">FALSE</esritopo><efeacnt Sync="TRUE">0</efeacnt><spindex Sync="TRUE">TRUE</spindex><linrefer Sync="TRUE">TRUE</linrefer></esriterm></ptvctinf></spdoinfo><eainfo><detailed Name="Indonesia_Sample_Clip"><enttyp><enttypl Sync="TRUE">Indonesia_Sample_Clip</enttypl><enttypt Sync="TRUE">Feature Class</enttypt><enttypc Sync="TRUE">0</enttypc></enttyp><attr><attrlabl Sync="TRUE">OBJECTID</attrlabl><attalias Sync="TRUE">FID</attalias><attrtype Sync="TRUE">OID</attrtype><attwidth Sync="TRUE">4</attwidth><atprecis Sync="TRUE">0</atprecis><attscale Sync="TRUE">0</attscale><attrdef Sync="TRUE">Internal feature number.</attrdef><attrdefs Sync="TRUE">Esri</attrdefs><attrdomv><udom Sync="TRUE">Sequential unique whole numbers that are automatically generated.</udom></attrdomv></attr><attr><attrlabl Sync="TRUE">Shape</attrlabl><attalias Sync="TRUE">Shape</attalias><attrtype Sync="TRUE">Geometry</attrtype><attwidth Sync="TRUE">0</attwidth><atprecis Sync="TRUE">0</atprecis><attscale Sync="TRUE">0</attscale><attrdef Sync="TRUE">Feature geometry.</attrdef><attrdefs Sync="TRUE">Esri</attrdefs><attrdomv><udom Sync="TRUE">Coordinates defining the features.</udom></attrdomv></attr><attr><attrlabl Sync="TRUE">kelas</attrlabl><attalias Sync="TRUE">kelas</attalias><attrtype Sync="TRUE">Integer</attrtype><attwidth Sync="TRUE">4</attwidth><atprecis Sync="TRUE">0</atprecis><attscale Sync="TRUE">0</attscale></attr></detailed></eainfo><mdDateSt Sync="TRUE">20250928</mdDateSt><mdChar><CharSetCd value="004" Sync="TRUE"></CharSetCd></mdChar></metadata>
